csv_row,tier,risk,reason,quote,suggested_action,suggested_text,your_decision
123,1,Names Larry King outright,The name is the entire punchline; nothing survives a rewrite.,#ThreeWordsSheWantsToHear Black Larry King,DELETE,,applied delete
1227,1,Names Larry King outright,Commentary about the real Larry King. Cannot be de-identified.,The more I think about Australianer Piers Morgan's mean-spirited attacks on the great Larry King the madder I get,DELETE,,applied delete
1229,1,Names Larry King outright,Commentary about the real Larry King. Cannot be de-identified.,Disappointed by Piers Morgan's crass comments about my friend Larry King. He should go back to Australia if he hates it here so much.,DELETE,,applied delete
1455,1,Names Larry King outright,The name is the entire punchline.,#WhatKindOfBlackAreYou Black Larry King!,DELETE,,applied delete
1898,1,Names Larry King outright,The name is the entire punchline.,I got Black Larry King. Which Larry King are you?,DELETE,,applied delete
2055,1,Names Larry King outright,Show name only. BLK is already the corpus abbreviation.,"Regardless of what happens with Piers Morgan and CNN, my show What's Happening Now With Black Larry King Live is staying on BET",EDIT,"Regardless of what happens with Piers Morgan and CNN, my show What's Happening Now With BLK Live is staying on BET",applied edit
2241,1,Names Larry King outright,Refers to the real man's lifespan. Cannot be de-identified.,"Clarification, gang: I was quoted saying I'd outlive Larry King. Hopefully not. Here's hoping we both live forever!",DELETE,,applied delete
2302,1,Names Larry King outright,Drops 'Larry' only. Joke fully intact.,"Advice for Piers Morgan: You come at the Larry King, you best not miss. Omar Epps told me that and I never forgot it.",EDIT,"Advice for Piers Morgan: You come at the King, you best not miss. Omar Epps told me that and I never forgot it.",applied edit
2326,1,Names Larry King outright,Claims contact with the real man.,Very thoughtful text message just now from Larry King. I hope he posts it on Instagram.,DELETE,,applied delete
2638,1,Names Larry King outright,Missed by the review's name filter: says 'Black Larry' with no 'King' after it. The persona's son is named after him.,Settle a bet: My son Black Larry the 2nd says Bad Girls was the best beat of 2013. I say Root of All Evil. Who's right?,EDIT,Settle a bet: My son BLK the 2nd says Bad Girls was the best beat of 2013. I say Root of All Evil. Who's right?,applied edit
2978,1,Names Larry King outright,Explicitly frames the persona as the thing Larry King imitates.,"If imitation is the sincerest form of flattery then no one flatters me more than the great Larry King, who turns 80-years-young today!",DELETE,,applied delete
2983,1,Names Larry King outright,Names a real Larry King book and his real 80th birthday.,"To celebrate the 80th birthday of the great Larry King, I'm re-reading his 2004 classic ""Why I Love Baseball"". What a book!",DELETE,,applied delete
3029,1,Names Larry King outright,Show name only.,"What's Happening Now? with Black Larry King! is broadcasting Live from Dallas next week for the 50th anniv of ""Who Shot JFK?"" Stay tuned!",EDIT,"What's Happening Now? with BLK! is broadcasting Live from Dallas next week for the 50th anniv of ""Who Shot JFK?"" Stay tuned!",applied edit
3112,1,Names Larry King outright,Show name only.,Tonight - A special encore presentation of Black Larry King Presents Grown & Sexy: Caught Up In Anita Baker.,EDIT,Tonight - A special encore presentation of BLK Presents Grown & Sexy: Caught Up In Anita Baker.,applied edit
3530,1,Names Larry King outright,Show name only.,"Whatever ""it"" is, Pebbles has it. Catch up with her tonight, only on What's Happening Now! With Black Larry King!",EDIT,"Whatever ""it"" is, Pebbles has it. Catch up with her tonight, only on What's Happening Now! With BLK!",applied edit
3570,1,Names Larry King outright,Addresses the real man directly and names his real DC haunt.,Hoping to get a birthday RT from the great Larry King - met you yrs ago at Duke Zeiberts and u were a class act!,DELETE,,applied delete
3714,1,Names Larry King outright,Show name only.,At 4pm we've got a special What's Happening Now w/ Black Larry King on Syria with my good friends Jamie Farr & Paula Abdul. Only on TV One!,EDIT,At 4pm we've got a special What's Happening Now w/ BLK on Syria with my good friends Jamie Farr & Paula Abdul. Only on TV One!,applied edit
3776,1,Names Larry King outright,Trailing signature removed.,Promised my new friend Omarosa we'd have dinner after #MOW50 at the legendary Duke Zeibert's. Where did it go? Larry King,EDIT,Promised my new friend Omarosa we'd have dinner after #MOW50 at the legendary Duke Zeibert's. Where did it go?,applied edit
4299,1,Names Larry King outright,Show name only.,Big News! I'm partnering with TV One and China Central TV to bring my show What's Happening Now With Black Larry King to Weibo! #XieXie,EDIT,Big News! I'm partnering with TV One and China Central TV to bring my show What's Happening Now With BLK to Weibo! #XieXie,applied edit
4771,1,Names Larry King outright,Show name only.,#WhitePeopleActivities Watch my interview w/ the great Joan Van Ark tonight on What's Happening Now! with Black Larry King,EDIT,#WhitePeopleActivities Watch my interview w/ the great Joan Van Ark tonight on What's Happening Now! with BLK,applied edit
5096,1,Names Larry King outright,Turns on the real man existing. Cannot be de-identified.,"My sixth wife, the great Michelle Lee, tells me White Larry King is a parody. Not sure how to feel about that. #kingsthings",DELETE,,applied delete
5102,1,Names Larry King outright,Turns on the real man existing. Cannot be de-identified.,Apparently there's a white Larry King. I wonder if we're related? Larry King #kingsthings,DELETE,,applied delete
5108,1,Names Larry King outright,Show name only.,Tonight on What's Happening Now With Black Larry King we're going Gault with NFL legend Willie Gault. Don't miss it!,EDIT,Tonight on What's Happening Now With BLK we're going Gault with NFL legend Willie Gault. Don't miss it!,applied edit
5195,1,Names Larry King outright,Show name only.,"Great news! ""What's Happening Now With Black Larry King"" was nominated for an NAACP Image Award. I'm honored!",EDIT,"Great news! ""What's Happening Now With BLK"" was nominated for an NAACP Image Award. I'm honored!",applied edit
5200,1,Names Larry King outright,Show name only.,Tonight's What's Happening Now With Black Larry King is an encore presentation of last year's Hanukkah special with Whoopi Goldberg. Enjoy!,EDIT,Tonight's What's Happening Now With BLK is an encore presentation of last year's Hanukkah special with Whoopi Goldberg. Enjoy!,applied edit
5206,1,Names Larry King outright,Show name only.,Tomorrow on What's Happening Now With Black Larry King I'm counting down the Top 10 Tyler Perry movies of 2012!,EDIT,Tomorrow on What's Happening Now With BLK I'm counting down the Top 10 Tyler Perry movies of 2012!,applied edit
5302,1,Names Larry King outright,Calls the real man a friend and mentor.,"Happy birthday to my dear friend and mentor Larry King, best known for his role in Eddie & The Cruisers 2 Larry King",DELETE,,applied delete
5348,1,Names Larry King outright,Show name only.,Don't miss tonight's Black Larry King Election Night Special with Donna Brazile and the great Dennis Haysbert!,EDIT,Don't miss tonight's BLK Election Night Special with Donna Brazile and the great Dennis Haysbert!,applied edit
5507,1,Names Larry King outright,Show name only.,Tonight a Black Larry King Exclusive! Lester's 1st-ever interview without Willie Tyler. You won't want to miss it!,EDIT,Tonight a BLK Exclusive! Lester's 1st-ever interview without Willie Tyler. You won't want to miss it!,applied edit
5630,1,Names Larry King outright,Missed by the review's name filter: a guest addresses the host as 'Larry'. Dropping the form of address keeps the joke whole.,"BLK EXCLUSIVE: Despite criticism, Akon says he's not stepping down. ""I'm not sure what you're talking about, Larry."" Stay Tuned!",EDIT,"BLK EXCLUSIVE: Despite criticism, Akon says he's not stepping down. ""I'm not sure what you're talking about."" Stay Tuned!",applied edit
5811,1,Names Larry King outright,Show name only.,Did Daniel Tosh cross the line? We'll ask his friends Bunny Wailer & Ziggy Marley what they think tonight on Black Larry King Live!,EDIT,Did Daniel Tosh cross the line? We'll ask his friends Bunny Wailer & Ziggy Marley what they think tonight on BLK Live!,applied edit
5838,1,Names Larry King outright,Trailing signature removed.,Is anyone more aptly named than Queen Latifah? Talk about royalty! Larry King,EDIT,Is anyone more aptly named than Queen Latifah? Talk about royalty!,applied edit
6121,1,Names Larry King outright,Trailing signature removed.,"Tonight we've got Robin Givens for the full hour. Is it really 20 years since Boomerang, because she hasn't aged a day! Larry King",EDIT,"Tonight we've got Robin Givens for the full hour. Is it really 20 years since Boomerang, because she hasn't aged a day!",applied edit
6134,1,Names Larry King outright,Show name + real hashtag removed.,"Comedy legend Sinbad, for the full hour, tonight on Black Larry King Live. #kingsthings",EDIT,"Comedy legend Sinbad, for the full hour, tonight on BLK Live.",applied edit
6141,1,Names Larry King outright,"Show name, real hashtag and signature removed.",Lisa Lisa and Cult Jam reunite Wednesday in a Black Larry King Live exclusive! #Kingsthings #LisaLisa Larry King,EDIT,Lisa Lisa and Cult Jam reunite Wednesday in a BLK Live exclusive! #LisaLisa,applied edit
6142,1,Names Larry King outright,Real hashtag + signature removed.,I wonder if Dionne Warwick is really psychic? #Kingsthings Larry King,EDIT,I wonder if Dionne Warwick is really psychic?,applied edit
4515,2,"Uses #kingsthings, Larry King's real hashtag",Hashtag only; the joke does not depend on it.,"Of all the planets, Earth is still the best. Happy #EarthDay everyone! #KingsThings",EDIT,"Of all the planets, Earth is still the best. Happy #EarthDay everyone!",applied edit
4520,2,"Uses #kingsthings, Larry King's real hashtag",Hashtag only; the joke does not depend on it.,I'm a big fan of the exclamation point! #kingsthings,EDIT,I'm a big fan of the exclamation point!,applied edit
5354,2,"Uses #kingsthings, Larry King's real hashtag",Hashtag only; the joke does not depend on it.,"Why do Social Security numbers have 9 digits -- why not 8, or 10? #kingsthings",EDIT,"Why do Social Security numbers have 9 digits -- why not 8, or 10?",applied edit
5359,2,"Uses #kingsthings, Larry King's real hashtag",Hashtag only; the joke does not depend on it.,Little known fact: Aloha means hello AND goodbye. #kingsthings,EDIT,Little known fact: Aloha means hello AND goodbye.,applied edit
5567,2,"Uses #kingsthings, Larry King's real hashtag",Hashtag only; the joke does not depend on it.,Is there a more popular sport than #NFL football? #kingsthings,EDIT,Is there a more popular sport than #NFL football?,applied edit
5796,2,"Uses #kingsthings, Larry King's real hashtag",Hashtag only; the joke does not depend on it.,"Call me old fashioned, but I prefer frankfurters to hot dogs. #kingsthings",EDIT,"Call me old fashioned, but I prefer frankfurters to hot dogs.",applied edit
5829,2,"Uses #kingsthings, Larry King's real hashtag",Hashtag only; the joke does not depend on it.,"Of all the muffins, blueberry is my favorite. #kingsthings",EDIT,"Of all the muffins, blueberry is my favorite.",applied edit
5833,2,"Uses #kingsthings, Larry King's real hashtag",Hashtag only; the joke does not depend on it.,When I order grapefruit juice I expect it to be yellow. What's w/ the pink stuff? #kingsthings,EDIT,When I order grapefruit juice I expect it to be yellow. What's w/ the pink stuff?,applied edit
5884,2,"Uses #kingsthings, Larry King's real hashtag",Hashtag only; the joke does not depend on it.,"Much like John Shaft, the great Ike Hayes was a complicated man. #kingsthings",EDIT,"Much like John Shaft, the great Ike Hayes was a complicated man.",applied edit
5886,2,"Uses #kingsthings, Larry King's real hashtag",Hashtag only; the joke does not depend on it.,Is there anything more irritating than a chancre sore? #kingsthings,EDIT,Is there anything more irritating than a chancre sore?,applied edit
5892,2,"Uses #kingsthings, Larry King's real hashtag",Hashtag only; the joke does not depend on it.,"How come no one says ""Gesundheit"" anymore? #kingsthings",EDIT,"How come no one says ""Gesundheit"" anymore?",applied edit
5893,2,"Uses #kingsthings, Larry King's real hashtag",Hashtag only; the joke does not depend on it.,I'll never understand ppl. who prefer jelly instead of syrup for their waffles. It's like putting mayo on a hot dog! #kingsthings,EDIT,I'll never understand ppl. who prefer jelly instead of syrup for their waffles. It's like putting mayo on a hot dog!,applied edit
5895,2,"Uses #kingsthings, Larry King's real hashtag",Hashtag only; the joke does not depend on it.,"What are the odds Tony, Toni and Tone would have the same name spelled 3 diff. ways yet end up in the same group? #kingsthings",EDIT,"What are the odds Tony, Toni and Tone would have the same name spelled 3 diff. ways yet end up in the same group?",applied edit
5910,2,"Uses #kingsthings, Larry King's real hashtag",Hashtag only; the joke does not depend on it.,Happy birthday to former #AmericanIdol contestant Paula Abdul Jabar. What a talent! #kingsthings,EDIT,Happy birthday to former #AmericanIdol contestant Paula Abdul Jabar. What a talent!,applied edit
5916,2,"Uses #kingsthings, Larry King's real hashtag",Hashtag only; the joke does not depend on it.,Have you noticed how English muffins really aren't muffins? #kingsthings,EDIT,Have you noticed how English muffins really aren't muffins?,applied edit
5929,2,"Uses #kingsthings, Larry King's real hashtag",Hashtag only; the joke does not depend on it.,No one keeps it real quite like tonight's guest Ginuwine. #kingsthings,EDIT,No one keeps it real quite like tonight's guest Ginuwine.,applied edit
5943,2,"Uses #kingsthings, Larry King's real hashtag",Hashtag only; the joke does not depend on it.,Is there a more alluring fruit than the papaya? #KingsThings,EDIT,Is there a more alluring fruit than the papaya?,applied edit
5950,2,"Uses #kingsthings, Larry King's real hashtag",Hashtag only; the joke does not depend on it.,Who or what is AOL and why exactly should I be on it? #kingsthings,EDIT,Who or what is AOL and why exactly should I be on it?,applied edit
5963,2,"Uses #kingsthings, Larry King's real hashtag",Hashtag only; the joke does not depend on it.,"Tonight Afrika Bambaataa and Ladysmith Black Mambazo stop by to discuss the turmoil in Uganda, for the full hour. #kingsthings",EDIT,"Tonight Afrika Bambaataa and Ladysmith Black Mambazo stop by to discuss the turmoil in Uganda, for the full hour.",applied edit
5964,2,"Uses #kingsthings, Larry King's real hashtag",Hashtag only; the joke does not depend on it.,Isn't lavender just a fancier way of saying purple? #kingsthings,EDIT,Isn't lavender just a fancier way of saying purple?,applied edit
5966,2,"Uses #kingsthings, Larry King's real hashtag",Hashtag only; the joke does not depend on it.,"Tonight, for the full hour, Jermine Jackson reflects on the loss of Michael. He truly was the King of Pop. #kingsthings",EDIT,"Tonight, for the full hour, Jermine Jackson reflects on the loss of Michael. He truly was the King of Pop.",applied edit
5972,2,"Uses #kingsthings, Larry King's real hashtag",Hashtag only; the joke does not depend on it.,Tonight we'll talk home improvements and Suge Knight with the incomparable Vanilla Ice. #kingsthings,EDIT,Tonight we'll talk home improvements and Suge Knight with the incomparable Vanilla Ice.,applied edit
5979,2,"Uses #kingsthings, Larry King's real hashtag",Hashtag only; the joke does not depend on it.,Saturday Night Live hasn't been the same since Ellen Cleghorne left. #kingsthings,EDIT,Saturday Night Live hasn't been the same since Ellen Cleghorne left.,applied edit
5981,2,"Uses #kingsthings, Larry King's real hashtag",Hashtag only; the joke does not depend on it.,I'll never understand people who like pulp in their orange juice. #kingsthings,EDIT,I'll never understand people who like pulp in their orange juice.,applied edit
5983,2,"Uses #kingsthings, Larry King's real hashtag",Hashtag only; the joke does not depend on it.,Who is this Dougie person I keep hearing about? #kingsthings,EDIT,Who is this Dougie person I keep hearing about?,applied edit
5990,2,"Uses #kingsthings, Larry King's real hashtag",Hashtag only; the joke does not depend on it.,Happy 42nd to the beautiful Naomi Campbell. She could throw a phone at me any day. #kingsthings,EDIT,Happy 42nd to the beautiful Naomi Campbell. She could throw a phone at me any day.,applied edit
6005,2,"Uses #kingsthings, Larry King's real hashtag",Hashtag only; the joke does not depend on it.,"Tonight we have the man of 10,000 sound effects, Michael Winslow, star of those hilarious Police Academy movies. #kingsthings",EDIT,"Tonight we have the man of 10,000 sound effects, Michael Winslow, star of those hilarious Police Academy movies.",applied edit
6009,2,"Uses #kingsthings, Larry King's real hashtag",Hashtag only; the joke does not depend on it.,I cant help but wonder if people who dislike pumpernickel are secretly racist. #kingsthings,EDIT,I cant help but wonder if people who dislike pumpernickel are secretly racist.,applied edit
6018,2,"Uses #kingsthings, Larry King's real hashtag",Hashtag only; the joke does not depend on it.,"Oscar may have snubbed it but ""Booty Call"" will always be my favorite Jamie Foxx movie #kingsthings",EDIT,"Oscar may have snubbed it but ""Booty Call"" will always be my favorite Jamie Foxx movie",applied edit
6021,2,"Uses #kingsthings, Larry King's real hashtag",Hashtag only; the joke does not depend on it.,Has anyone aged more gracefully than Peabo Bryson? #kingsthings,EDIT,Has anyone aged more gracefully than Peabo Bryson?,applied edit
6024,2,"Uses #kingsthings, Larry King's real hashtag",Hashtag only; the joke does not depend on it.,If I had my way Will Smith and Kevin James would star in every movie. #kingsthings,EDIT,If I had my way Will Smith and Kevin James would star in every movie.,applied edit
6029,2,"Uses #kingsthings, Larry King's real hashtag",Hashtag only; the joke does not depend on it.,"10 yrs ago I smoked my last Kool. Best decision of my of my life. Trust me, kids, there's nothing cool about smoking. #kingsthings #smoking",EDIT,"10 yrs ago I smoked my last Kool. Best decision of my of my life. Trust me, kids, there's nothing cool about smoking. #smoking",applied edit
6031,2,"Uses #kingsthings, Larry King's real hashtag",Hashtag only; the joke does not depend on it.,Doesn’t yellow grapefruit juice taste much better than the pink kind? #kingsthings,EDIT,Doesn’t yellow grapefruit juice taste much better than the pink kind?,applied edit
6037,2,"Uses #kingsthings, Larry King's real hashtag",Hashtag only; the joke does not depend on it.,The mary jane girls will be in my house tomorrow nite along with the beautiful shari belafonte harper. #kingsthings,EDIT,The mary jane girls will be in my house tomorrow nite along with the beautiful shari belafonte harper.,applied edit
6039,2,"Uses #kingsthings, Larry King's real hashtag",Hashtag only; the joke does not depend on it.,"So who was it who decided Saturday would come after Friday and before Sunday? Was there a committee, did the king decide ... ? #kingsthings",EDIT,"So who was it who decided Saturday would come after Friday and before Sunday? Was there a committee, did the king decide...?",applied edit
6040,2,"Uses #kingsthings, Larry King's real hashtag",Hashtag only; the joke does not depend on it.,The great Tony Toni and Tone will all be here tonight in a BLK salute to new jack swing. #kingsthings,EDIT,The great Tony Toni and Tone will all be here tonight in a BLK salute to new jack swing.,applied edit
6048,2,"Uses #kingsthings, Larry King's real hashtag",Hashtag only; the joke does not depend on it.,I have never used a washcloth and I never will. Why do you want a buffer zone between skin and soap? #kingsthings,EDIT,I have never used a washcloth and I never will. Why do you want a buffer zone between skin and soap?,applied edit
6062,2,"Uses #kingsthings, Larry King's real hashtag",Hashtag only; the joke does not depend on it.,Racquetball tomorrow w/ Al Cowlings. #kingsthings,EDIT,Racquetball tomorrow w/ Al Cowlings.,applied edit
6065,2,"Uses #kingsthings, Larry King's real hashtag",Hashtag only; the joke does not depend on it.,I'll be signing copies of my cookbook Kosher Soul at 1 p.m. tomorrow at the LaJolla Barnes and Noble. #kingsthings,EDIT,I'll be signing copies of my cookbook Kosher Soul at 1 p.m. tomorrow at the LaJolla Barnes and Noble.,applied edit
6069,2,"Uses #kingsthings, Larry King's real hashtag",Hashtag only; the joke does not depend on it.,"Tonight its the original odd couple: ann coulter and jimmie walker discuss life, love and politics for the full hour #kingsthings",EDIT,"Tonight its the original odd couple: ann coulter and jimmie walker discuss life, love and politics for the full hour",applied edit
6080,2,"Uses #kingsthings, Larry King's real hashtag",Hashtag only; the joke does not depend on it.,Thrilled to be hosting a retrospective of TV theme songs performed by Ja'net Dubois this Thurs. at LaCienega City College #kingsthings,EDIT,Thrilled to be hosting a retrospective of TV theme songs performed by Ja'net Dubois this Thurs. at LaCienega City College,applied edit
6082,2,"Uses #kingsthings, Larry King's real hashtag",Hashtag only; the joke does not depend on it.,"Nothing quite like Saturday morning w/ the Cos: Leonard Part 6 is an underrated gem, fun for the whole family. #kingsthings",EDIT,"Nothing quite like Saturday morning w/ the Cos: Leonard Part 6 is an underrated gem, fun for the whole family.",applied edit
6085,2,"Uses #kingsthings, Larry King's real hashtag",Hashtag only; the joke does not depend on it.,How 'bout the great Scatman Crothers returning as a hologram? Better make that a hexagram to accommodate Scatman's many talents #kingsthings,EDIT,How 'bout the great Scatman Crothers returning as a hologram? Better make that a hexagram to accommodate Scatman's many talents,applied edit
6090,2,"Uses #kingsthings, Larry King's real hashtag",Hashtag only; the joke does not depend on it.,Today wouldve been rap legend suge knights 47th birthday. #gonetoosoon #kingsthings,EDIT,Today wouldve been rap legend suge knights 47th birthday. #gonetoosoon,applied edit
6095,2,"Uses #kingsthings, Larry King's real hashtag",Hashtag only; the joke does not depend on it.,"Sherman Hemsley's work on ""Amen"" is vastly underrated. #kingsthings",EDIT,"Sherman Hemsley's work on ""Amen"" is vastly underrated.",applied edit
6096,2,"Uses #kingsthings, Larry King's real hashtag",Hashtag only; the joke does not depend on it.,No one makes me laugh quite like Bill Bellamy. #kingsthings,EDIT,No one makes me laugh quite like Bill Bellamy.,applied edit
6100,2,"Uses #kingsthings, Larry King's real hashtag",Hashtag only; the joke does not depend on it.,"Grounbreaking ventiloquist Willie Tyler, w/o Lester, for the full hour tonite #kingsthings",EDIT,"Grounbreaking ventiloquist Willie Tyler, w/o Lester, for the full hour tonite",applied edit
6104,2,"Uses #kingsthings, Larry King's real hashtag",Hashtag only; the joke does not depend on it.,Love it when a celebrity's name rhymes w/ an admirable quality. Like Barney Miller's Ron Glass = a ton of class. #kingsthings,EDIT,Love it when a celebrity's name rhymes w/ an admirable quality. Like Barney Miller's Ron Glass = a ton of class.,applied edit
6105,2,"Uses #kingsthings, Larry King's real hashtag",Hashtag only; the joke does not depend on it.,Excited to see The Gap Band tonight at Knotts Berry Farm. How come nobody writes songs about trains anymore? #KingsThings,EDIT,Excited to see The Gap Band tonight at Knotts Berry Farm. How come nobody writes songs about trains anymore?,applied edit
6106,2,"Uses #kingsthings, Larry King's real hashtag",Hashtag only; the joke does not depend on it.,PREDICTION Magic Johnson will prove to be a better hockey team owner than he was a baseball player. And man could he play! #kingsthings,EDIT,PREDICTION Magic Johnson will prove to be a better hockey team owner than he was a baseball player. And man could he play!,applied edit
6107,2,"Uses #kingsthings, Larry King's real hashtag",Hashtag only; the joke does not depend on it.,For my money it doesn't get any better than Donna Summer's version of MacArthur Park. #kingsthings,EDIT,For my money it doesn't get any better than Donna Summer's version of MacArthur Park.,applied edit
6109,2,"Uses #kingsthings, Larry King's real hashtag",Hashtag only; the joke does not depend on it.,Tomorrow night we're talking race and gun control with Kadeem Hardison. #TrayvonMartin #Kingsthings,EDIT,Tomorrow night we're talking race and gun control with Kadeem Hardison. #TrayvonMartin,applied edit
6111,2,"Uses #kingsthings, Larry King's real hashtag",Hashtag only; the joke does not depend on it.,Seder at sammy davis jr.'s house was always a big event. Thats where i met the great roxie roker #kingsthings,EDIT,Seder at sammy davis jr.'s house was always a big event. Thats where i met the great roxie roker,applied edit
6113,2,"Uses #kingsthings, Larry King's real hashtag",Hashtag only; the joke does not depend on it.,"I don't know about you, but I'm STILL waiting to exhale! #KingsThings",EDIT,"I don't know about you, but I'm STILL waiting to exhale!",applied edit
6115,2,"Uses #kingsthings, Larry King's real hashtag",Hashtag only; the joke does not depend on it.,Racquetball tomorrow w/ Meadowlark Lemon. #kingsthings,EDIT,Racquetball tomorrow w/ Meadowlark Lemon.,applied edit
6119,2,"Uses #kingsthings, Larry King's real hashtag",Hashtag only; the joke does not depend on it.,"Tonight, for the first time ever, the two Lionel Jeffersons, for the full hour. #kingsthings",EDIT,"Tonight, for the first time ever, the two Lionel Jeffersons, for the full hour.",applied edit
6122,2,"Uses #kingsthings, Larry King's real hashtag",Hashtag only; the joke does not depend on it.,I just learned Tyler Perry and madea are the same person. I had no idea #kingsthings,EDIT,I just learned Tyler Perry and madea are the same person. I had no idea,applied edit
6126,2,"Uses #kingsthings, Larry King's real hashtag",Hashtag only; the joke does not depend on it.,"Strange but true: the great ted lange, isaac the bartender from ""the love boat,"" has never had a mixed drink #kingsthings",EDIT,"Strange but true: the great ted lange, isaac the bartender from ""the love boat,"" has never had a mixed drink",applied edit
6128,2,"Uses #kingsthings, Larry King's real hashtag",Hashtag only; the joke does not depend on it.,I never get tired of interviewing Jermaine Jackson. #kingsthings,EDIT,I never get tired of interviewing Jermaine Jackson.,applied edit
6130,2,"Uses #kingsthings, Larry King's real hashtag",Hashtag only; the joke does not depend on it.,"Listening to ""Party all the Time,"" the very underrated Eddie Murphy album. #kingsthings",EDIT,"Listening to ""Party all the Time,"" the very underrated Eddie Murphy album.",applied edit
6131,2,"Uses #kingsthings, Larry King's real hashtag",Hashtag only; the joke does not depend on it.,Billy Crystal is my favorite Gregory Hines sidekick. #kingsthings,EDIT,Billy Crystal is my favorite Gregory Hines sidekick.,applied edit
6133,2,"Uses #kingsthings, Larry King's real hashtag",Hashtag only; the joke does not depend on it.,"To quote NFL legend Rosey Grier, when it comes to tea cozies it's either crochet or the highway. #kingsthings",EDIT,"To quote NFL legend Rosey Grier, when it comes to tea cozies it's either crochet or the highway.",applied edit
6136,2,"Uses #kingsthings, Larry King's real hashtag",Hashtag only; the joke does not depend on it.,Happy 74th to the legendary Billy Dee Williams. Marla Gibbs told me she never worked w/ a more handsome man. Billy Dee Williams #kingsthings,EDIT,Happy 74th to the legendary Billy Dee Williams. Marla Gibbs told me she never worked w/ a more handsome man. Billy Dee Williams,applied edit
6138,2,"Uses #kingsthings, Larry King's real hashtag",Hashtag only; the joke does not depend on it.,"If you could bottle pure class, Diahann Carroll would be a distillery! #Kingsthings",EDIT,"If you could bottle pure class, Diahann Carroll would be a distillery!",applied edit
6139,2,"Uses #kingsthings, Larry King's real hashtag",Hashtag only; the joke does not depend on it.,How come no one names their kids flip or nipsey anymore? #Kingsthings,EDIT,How come no one names their kids flip or nipsey anymore?,applied edit
3053,3,Indirect Larry King fingerprint,The serial-marriage running joke maps onto Larry King's eight marriages.,If not for a drunken stupor I would've never married third wife Grace Jones. So they're not all bad.,KEEP (your call),,
4869,3,Indirect Larry King fingerprint,The serial-marriage running joke maps onto Larry King's eight marriages.,Became more sensitive to the plight of battered women after 6th wife Michelle Lee starred in Lifetime movie about domestic abuse.,KEEP (your call),,
5279,3,Indirect Larry King fingerprint,"Suspenders are Larry King's visual trademark, and this one is the persona's own.",I'll be at my friend Bijan's boutique in Beverly Hills from 2-4 for the #SmallBusinessSaturday launch of my collection of suspenders.,KEEP (your call),,
5346,3,Indirect Larry King fingerprint,The serial-marriage running joke maps onto Larry King's eight marriages.,It was a real thrill in '88 when I cast my ballot for third wife Lenora Fulani for president.,KEEP (your call),,
5589,3,Indirect Larry King fingerprint,The serial-marriage running joke maps onto Larry King's eight marriages.,4th wife Bonnie Pointer and I wed by #SunMyungMoon. He was very gracious but seemed annoyd when I asked if he was related to Keith,KEEP (your call),,
5891,3,Indirect Larry King fingerprint,The serial-marriage running joke maps onto Larry King's eight marriages.,Sure could go for a fried baloney sandwich right now. Wish I had asked for 4th wife Bonnie Pointer's recipe in the settlement.,KEEP (your call),,
